Reference Name,Number of records from each reference
"Dunning, 1992",18812
"Boback and Guyer, 2003",4880
"Meiri, S., 2007",4875
"Jetz, Sekercioglu, and Bohning-Gaese, 2008",4731
"Jones, K., Bielby, J., Cardillo, M. et al., 2009",4686
"Meyers et al., 2009",4411
"Greer, A.E., 1997",4126
"Szekely, Lislevand, and Figuerola, 2007",3641
Reptile Incubation book,3210
"Carey, J.R. and D.S. Judge, 2002",3206
"Wilson, 2003",3129
"Bennett, 1986",3053
"Tacutu, R., T. Craig, A. Budovsky et al. 2013",2609
"de Magalh‹es and Costa, 2009",2510
"Weigl, R., 2005",1684
"Savage et al., 2004",1632
"Wasser, D.E. and P.W. Sherman, 2010",1622
"Greer, A.E., 1989",1511
"Ernest et al., 2003",1440
"Boyer, A.G., Cartron, J-L.E., and J.H. Brown, 2009",1389
"IUCN, 2011",1072
"Jones et al., 2003",974
"Meiri, 2010",921
"Behler, J.L., King, F.W., 1979",689
"Hayssen, V., 2008",626
"Meiri, S., Brown, J.H., and R.M. Sibly, 2011",551
"Pereira, H.M., Daily, G.C. and J. Roughgarden, 2004",540
"Lutmerding, J.A. and A.S. Love, 2013",539
"Martin, T.E., 1995",486
"Delson, E., Terranova, C.J., Jungers, W.L. et al., 2000",419
"Davies, S.J.J.F., 2002",416
"Warne and Charnov, 2008",414
"Stebbins, R.C., 2003",408
"Ricklefs, 2010b",403
"Schifter, H, 1998",388
"Carrier, D.R., Auriemma, J., 1992",385
"Pianka, E.R., King, D.R., King. R.A., 2004",324
"Fransson, T., Kolehmainen, T., Kroon, C. et al., 2010",318
"Krist, 2011",304
"Werner and Griebeler, 2013",259
"Carey, C., Rahn, H., Parisi, P., 1980",243
"van Buskirk, J., Crowder, L.B., 1994",241
"Dyke and Kaiser, 2010",240
"Kratochvil and Frynta, 2006b",234
"Frydlova, P., Frynta, D., 2010",225
"Riedman, 1990",198
"De Graaf, R.M., Rudis, D.D., 1983",184
"Iverson, J., Balgooyen, C., Byrd, K. et al., 1993",168
"Borissenko and Kruskop, 2003",162
"O'Shea, M., 2007",159
"De Lisle, H.F., 1996",154
"Werner and Griebeler, 2012",152
"Heintzelman, D.S., 1981",149
"Yom-Tov, Y., Ar, A., 1993",145
"Birchard, G. and D. Marcellini, 1996",143
"Brazaitis, P., Watanabe, M., 2011",137
"Heatwole, H.F., Taylor, J., 1987",131
"Iwaniuk, A.N., Nelson, J.E., 2002",120
"Ziegler et al., 2009",119
"Remes, V., Martin, T.E., 2002",115
"Nowak, Kunz, and Pierson, 1994",105
"Garratt et al., 2014",102
"Schuck-Paima, C., Alonsob, W.J., and E.B. Ottonia, 2008",100
"Burghardt and Rand (Eds.), 1982",97
"Ridgway, S.H., Harrison, R.J., 1981",97
"IUCN, 1989",96
"Street, D., 1979",91
"King, D., Green, B., 1999",84
"Kratochvil and Kubicka, 2007",84
"Werner, J., 2010",84
"Dobson, F. and P. Jouventin, 2010",80
"Werner, 2010",80
"Kawamichi, T., 2010",79
"Mendyk, 2011",76
"Paleczny, M., 2008",75
"Serrano-Meneses and Szekely, 2006",73
"Alderton, D., 1991",69
"Gaskin, D.E., 1972",69
"el Din, S.B., 2006",65
"Dickison, M.R., 2007",63
"Wiebe, K.L., Koenig, W.D., Martin, K., 2006",63
"Johnsgard, P., 2010",61
"Radder, R.S., Pizzatto, L., Shine, R., 2008",58
"Thompsom and Pianka, 2001",58
"Perrins, C.M., Bock, W.J., Kikkawa, J., 1995",54
"Auffenberg, W., 1981",53
"Glaw, F., Kohler, J., Townsend, T.M., et al, 2010",53
"Burger, J., 1996",51
"Tickell, W., 1991",51
"Saether, B-E., Bakke, O., 2000",49
"Dekker, R.W.R.J. and T.G. Brom, 1990",48
"Ernst and Lovich, 2009",46
"Heppell, 1998",46
"Hart, E.B., Belk, M.C., Jordan, E., et al, 2004",44
"L. Moller, 2012",44
"Fr_dlov‡, P., Frynta, D., 2010",43
"Verts, B.J., Carraway, L.N., 2001",43
"Hayssen, V. 2011a",42
"Avaria-Llautureo et al., 2012",41
"Hayssen, V., 2010",39
"Taylor, B.L., Chivers, S.J., Larese, J., et al, 2007",38
"Ferronato and Morales, 2012",37
"Greene, H.W., 1997",37
"Hayward, J.L., Verbeek, N.A., 2008",37
"Ostroff, A.C., Finck, E.J., 2003",37
"Brunet-Rossinni, A.K. and S.N. Austad, 2004",36
"Thorbjarnarson, J.B., Wang, X. and L. He, 2001",36
"Dobie, 1971",35
"Hinlo, 2010",35
"Pincheira-Donoso et al., 2011",35
"Fokidis, H.B. and T.S. Risch, 2008",34
"Lemm, 2012",33
"Gimenez et al., 2012",30
"Castro-Arellan, I., Zarza, H., Medellin, R.A., 2000",28
"Glaw, F., Kohler, J., Townsend, T.M., and M. Vences, 2012",28
"Jackson, 2005",28
"Lariviere, S., Calzada, J., 2001",28
"Seymour, 1979",28
"Stebbins, R.C. and S.M. McGinnis, 2012",28
"Perrin, W.F., 2001",27
"Verts, B.J., Carraway, L.N., 2003",27
"Whitaker Jr., J.O., 2004",27
"Adkisson, C.S., 1999",26
"Audet, A.M., Robbins, C.B., Lariviere, S., 2002",26
"Lee and Liao, 1998",26
"Miskelly, C.M., Walker, K.J., Elliott, G.P., 2006",26
"Verts, B.J., Carraway, L.N., Kinlaw, A., 2001",26
"Hofmeyr, M.D., Henen, B.T. and V.J.T. Loehr, 2005",24
"Van Weerd, 2010",24
"Wiechmann, 2012",24
"Hayssen, V.D. and A. Van Tienhoven, 1993",23
"Holloway and Barclay, 2001",23
"Hunt, J.L., McWilliams, L.A., Best, T.L., et al, 2003",23
"Pires, M.M., Martins, E.G., Silva, M.N.F., et al, 2010",23
"Cain, J.W., Krausman, P.R., Germaine, H.L., 2004",22
"Cudworth, N.L., Koprowski, J.L., 2010",22
"Hayssen, V., 2009b",22
"Jass, C.N., Mead, J.I., 2004",22
"Jennings, J.B., Best, T.L., Burnett, S.E., et al, 2001",22
"Jones, M.E., Rose, R.K., Burnett, S., 2001",22
"Proudfoot, G.A., Johnson, R.R., 2000",22
"Ellison, L., 2008",21
"Johnsgard, P., 2009",21
"Kratochvil and Frynta, 2006a",21
"Lariviere, S., 2001a",21
"Thorbjarnarson,  1996",21
"Verts, B.J., Carraway, L.N., 2000",21
"Woodman, 2010",21
"de Zeeuw, 2010",20
"Ellison, K., Lowther, P.E., 2009",20
"McCarty, J.P., 1996",20
"Ricklefs, R.E., 2010a",20
"Wright, G.S., 2009",20
"Branco, J.O., Augusto, H., Fracasso, A., 2009",19
"Braun, Pratt, and Mares, 2010",19
"Gaikhorst, G., McLaughlin, J., Larkin, B. and M. McPharlin, 2009",19
"Lariviere, S., 2002",19
"Margalida, A., Arroyo, B.E., Bortolotti, G.R., et al, 2006",19
"Rowland, P., 2008",19
"Spotorno, A.E., Zuleta, C.A., Vallardares, J.P., et al, 2004",19
"Jesus, 2012",18
"Koch, A., Gaulke, M., Bohme, W., 2010",18
"Lariviere, S., Seddon, P.J., 2001",18
"Luiselli, L. and T. Diagne, 2013",18
"Lurz, P.W.W., Gurnell, J., Magris, L., 2005",18
"Male, T.D., Fancy, S.G., Ralph, C.J., 1998",18
"Tanner, W.W., Krogh, J.E., 1973",18
"Ziegler, Rutz, Oberreuter, and Holst, 2010",18
"Auliya, 2010",17
"Barreto, G.R., Garcia-Rangel, S., 2005",17
"Jefferson, T., M. Webber, and R. Pitman, 2008",17
"McCay, T.S., 2001",17
"Paradiso, J.L., Nowak, R.M., 1972",17
"Waengsothorn, Nabhitabhata, and Moonchan, 2007",17
"Barry, R.E., Shoshani, J., 2000",16
"Chruszcz, B., Barclay, R.M.R., 2001",16
"Clarkson, K.E., Laniawe, L.P., 2000",16
"Colwell, M.A., Jehl, Jr., J.R., 1994",16
"Hunt, J.L., Morris, M.E., Best, T.L., 2004",16
"Hwang, Y.T., Lariviere, S., 2001",16
"Meshaka, 2011",16
"Theissinger et al., 2009",16
"Byrd, G.V., Williams, J.C., 1993",15
"Castleberry, S.B., Mengak, M.T., Ford, W.M., 2006",15
"Ceballos, G., Zarza, H., Steele, M.A., 2002",15
"Clark Jr., H.O., Murdoch, J.D., Newman, D.P., et al, 2009",15
"Cole, F. and D. Wilson, 2006",15
"Degenhardt, W.G., Painter, C.W., Price, A.H., 2005",15
"Gaulke, 2010",15
"Goldberg, S.R. and K.R. Beaman, 2012",15
"Johnson, S.R., Campbell, R.W., 1995",15
"Keddy-Hector, D.P., 2000",15
"Lawlor, T.E., 1982",15
"McClung, M.R., Seddon, P.J., Massaro, M., et al, 2004",15
"Padilla, M., Dowler, R.C., Downer, C.C., 2010",15
"Quinn, J.S., Startek-Foote, J.M., 2000",15
"Atanasov, 2012b",14
"B. Kot, 2010",14
"Bloch et al., 2012",14
"Eshelman, B.D., Sonnemann, C.S., 2000",14
"Hart, E.B., 1992",14
"Hayssen, V., 2009a",14
"Lowther, P.E., Stotz, D.F., 1999",14
"Lunney, Hutchings, and Hochuli, 2009",14
"Marinho-Filho, Rodrigues, and Juarez, 2002",14
"Moldovan, 2008",14
"Monakhov, V.G., 2011",14
"Moskoff, W., 2002",14
"Ridley, M., 1978",14
"Santana, E.M., Jantz, H.E., Best, T.L., 2010",14
"Storer, R.W., Nuechterlein, G.L., 1992",14
"Thompson, C.W., Choate, J.R., Genoways, H.H., et al, 2011",14
"Webb, G.J.W., Manolis, S.C. and R. Buckworth, 1983",14
"Beck, 2010",13
"Bennett, N.C., Faulkes, C.G., Hart, L., et al, 2009",13
"Bezuijen et al., 2013",13
"Farquhar, C., 2005",13
"Germano, 1992",13
"Hibbitts et al., 2005",13
"Lariviere, S., 2001c",13
"Leon, L., Monterrubio, T.C., Hafner, M.S., 2001",13
"Nagorsen, D.W., 1993",13
"Shine, R., Harlow, P.S., and J.S. Keogh, 1996",13
"Skurski, D.A., Waterman, J.M., 2005",13
"Streubel, D.P., Fitzgerald, J.P., 1978b",13
"Youngman, P.M., 1990",13
"Alvarez-Castaneda, S.T., 2005",12
"Bump, G., Bump, J.W., 1969",12
"Caceres, N.C., Carmingnotto, A.P., 2006",12
"Carvalho, Pezzuti, and Maranhao, 2011",12
"Cole, F.R., Wilson, D.E., 2009",12
"Croxall, J.P., Reid, K., Prince, P.A., 1999",12
"Debus, S., 2012",12
"Furtado dos Reis, S., Pessoa, L.M., 2004",12
"Jefferson, T.A., Karczmarski, L., 2001",12
"Jouventin and Dobson, 2002",12
"Krausman, P.R., Casey, A.L., 2007",12
"Leslie Jr., D.M., Sharma, K., 2009",12
"Nash, D.J., Seaman, R.N., 1977",12
"Naughton, D. 2012",12
"Reaney, L.T., Yee, S., Losos, J.B., and M.J. Whiting, 2012",12
"St. Louis, A., Cote, S.D., 2009",12
"Taylor, S. 2012",12
"Todd, B.D., Wilson, J.D., Winne, C.T. et al., 2008",12
"Vyas, 2005",12
"Wesiak and Koch, 2009",12
"Alvarez-Castaneda, S.T., 2002",11
"Belcher, R.L., Lee Jr., T.E., 2002",11
"Bucher, J.E., Hoffman, R.S., 1980",11
"Clemente, C.J., Withers, P.C., and G.G. Thompson, 2009",11
"Evans, K., Hindell, M.A., 2004",11
"Goldberg, S.R., Bursey, C.R., Tawil, R., 1994",11
"Gompper, M.E., Vanak, A.T., 2006",11
"Hammond, 2009",11
"Harding, 2010",11
"Heij, 1997",11
"Holyoake, et al. 2010",11
"Hwang, Y.T., Lariviere, S., 2005",11
"Iverson, 2010",11
"Juvik, J.O., Meier, D.E. and S. McKeown, 1991",11
"Lee, T.E., Scott, J.B., Marcum, M.M., 2001",11
"Leslie, D.M., 2010b",11
"Presley, S.J., 2000",11
"Rao, M.S., Ohja, P.R., Rao, R., 2013",11
"Smith, P., 2009",11
"Tognelli, M.F., Campos, C.M., Ojeda, R.A., 2001",11
"Townsend, W.R., 2001",11
"Wanchai, Stanford, Thirakhupt, and Thanhikorn, 2012",11
"Acharya, L., 1992",10
"Atramentowicz, M., 1992",10
"Brush, T., 1998",10
"Campos, C.M., Tognelli, M.F., Ojeda, R.A., 2001",10
"Clark Jr., G.A., 1964",10
"Cole, F.R., Wilson, D.E., 2010",10
"de Mello Beisiegel, B., Zuercher, G.L., 2005",10
"DeVogelaere et al., 2012",10
"Filippi, D., Waugh, S., Nicol, S., 2010",10
"Gombobaatar, S., Odkuu, B., Yosef, R., et al, 2010",10
"Harris, J.M., 2009a",10
"Jennings, M.R., Rathbun, G.B., 2001",10
"Leslie Jr., D.M., 2011",10
"Leslie, D.M., Schaller, G.B., 2009",10
"Lindsey, G.D.E., Vanderwerf, E.A., Baker, H., et al, 1998",10
"MacDonald, S.O., Jones, C., 1987",10
"Obst, F.J., 1986",10
"Ortega, J., Castro-Arellano, I., 2001",10
"Phillips, J.A., Millar, R.P., 1998",10
"Platt et al., 2012",10
"Streubel, D.P., Fitzgerald, J.P., 1978a",10
"Suryan, R.M., Irons, D.B., Brown, E.D., 2006",10
"Visser, G., Bijhold, S. and J. Van Der Koore, 2009",10
"Walker and Elliott, 1999",10
"Woodman, N., Diaz de Pascual, A., 2004",10
"Chitty and Raftery, 2013",9
"Conant, S., 1977",9
"Decher, J., Fahr, J., 2005",9
"Gibbons, J.W., Dorcas, M.E., 2004",9
"Gienger, C.M., Johnson, G.W., McMillan, M. et al., 2005",9
"Hayssen, V. 2011b",9
"Hedd, A., Bertram, D.F., Ryder, J.L., et al, 2006",9
"Herron, M.D., Waterman, J.M., 2004",9
"Jones, C., Manning, R.W., 1989",9
"Jones, J.K., Genoways, H.H., 1973",9
"Kemper et al., 2011",9
"Klima, J., Jehl, Jr., J.R., 1998",9
"Kunz, T.H., Jones, D.P., 2000",9
"Lariviere, S., 2003",9
"Linzey, D.W., Packard, R.L., 1977",9
"Marshall, L.G., 1978a",9
"Morais, 2013",9
"Palomo, L.J., Justo, E.R., Vargas, J.M., 2009",9
"Pennington, 2009",9
"Perrin, W., J. Bernd Wursig, and G. Thewissen, 2009",9
"Sanchez-Hernandez, C., Schnell, G.D., de Lourdes Romero-Almaraz, M., 2009",9
"Trujano-Alvarez, A.L., Alvarez-Castaneda, S.T., 2010",9
"Verdade, L.M., Zucoloto, R.B., and L.L. Coutinho, 2002",9
"Waterman, J.M., Herron, M.D., 2004",9
"Yensen, E., Tarifa, T., 2003 B",9
"Zarza, H., Ceballos, G., Steele, M.A., 2003",9
"Alvarez-Castaneda, S.T., 2001",8
"Alvarez-Castaneda, S.T., Cortes-Calva, P., 2003",8
"Archer, M.G., Taylor, R.C., 2009",8
"Aubret, F., Bonnet, X., Shine, R., and S. Maumelat, 2003",8
"Borges Costa, A.P. and P. Simoes-Lopes, 2012",8
"Calder, W.A. III, 1979",8
"Castro-Franco, R., Bustos-Zagal, M.G., and F.R. Mendez-De la Cruz, 2011",8
"Clark Jr., H.O., 2005",8
"Collar, Andreev, Chan et al. (Eds.), 2001",8
"Cortes-Calva, P., Alvarez-Castaneda, S.T., 2001",8
"Cuthbert, 2004",8
"Das, A., Das, A.K., Sarma, P.K., and A.K. Singh, 2011",8
"Dominguez-Castellanos, Y., Ortega, J., 2003",8
"Dragoo, J.W., Sheffield, S.R., 2009",8
"Duli, 2009",8
"Jones, C., 1977",8
"McGhee, M.E., Genoways, H.H., 1978",8
"Munshi-South and Wilkinson, 2010",8
"Pardinas, U.F.J., Gailliari, C.A., 2001",8
"Schlee, 1989",8
"Schmidly, D.J., 1974",8
"Schmidly, D.J., 2004",8
"Sulentich, J.M., Williams, L.R., Cameron, G.N., 1991",8
"Targarona, R.R., Soberon, R.R., Tabet, M.A., and J.B. Thorbjarnarson, 2010",8
"Thielen et al., 2009",8
"Thorbjarnarson and Wang, 2010",8
"Tidemann, S.C., Gosler, A., 2010",8
"Tyndale-Biscoe, H. and M. Renfree, 1987",8
"Voisin, C., 2010",8
"Weijola and Sweet, 2010",8
"Wilson, K.J., 2000",8
"Yensen, E., Tarifa, T., 2003 A",8
"Anderson, S., 1969",7
"Baker, R.J., Clark, C.L, 1987",7
"Braun, J.K., Layman, Q.D., Mares, M.A., 2009",7
"Brown, G.P., Shine, R., 2006",7
"Buskirk and Ponce-Campos, 2011",7
"Dalponte, J.C., 2011",7
"Ferronato, B.O., Marques, T.S., Guardia, I. et al., 2009",7
"Gallo-Reynoso, J-P. and A-L. Figueroa-Carranza, 2010",7
"Hall, P.M. and D.R. Johnson, 1987",7
"Harris, J.M., Maloney, K.S., 2010",7
"Harris, T., 2009",7
"Heinsohn, R., Zeriga, T., Murphy, S. et al., 2009",7
"Hopton, M.E., Cameron, G.N., 2001",7
"Iverson, 1980",7
"Jones, D.P., Kunz, T.H., 2000",7
"Kirwan, G., Demirci, B., Welch, H., et al, 2009",7
"Luiselli, L., Capula, M., Shine, R., 1997",7
"Mathew, A., Ganesan, M., Majid, R.A., and C. Beastall, 2011",7
"Mattison, C., 1989",7
"McGregor, R.C., 1906",7
"Modha, 1967",7
"Prange, S., Prange, T.J., 2009",7
"Rambaldini, D.A., 2010",7
"Roots, E.H., Baker, R.J., 2007",7
"Rosi, M.I., Cona, M.I., Roig, V.G., et al, 2005",7
"Schelsky, W.M., 2004",7
"Sheridan, 2010",7
"Thorbjarnarson, 1994",7
"Wilson, D.E., Hanlon, E., 2008",7
"Yee, D.A., 2000",7
"Young, C.J., Jones, J.K., 1983",7
"Alonso, J.C., Magana, M., Alonso, J.A., et al, 2009",6
"Ambrose, 2010",6
"Armstrong, D.M., Jones, J.K., 1971",6
"Astley and Jayne, 2009",6
"Becker, P.H., Wink, M., 2003",6
"Berry, J.F. and J.B. Iverson, 2011",6
"Bleich, V.C., 1977",6
"Bouchard, S., 2001",6
"Bruderer, B., Salewski, V., 2008",6
"Churchill, 2001",6
"Cooney, S.J.N., 2009",6
"Cortes-Calva, P., Alvarez-Castaneda, S.T., Yensen, E., 2001",6
"Diaz, G.B., Ojeda, R.A., Gallardo, M.H., et al, 2000",6
"Diaz-Paniagua, C., Keller, C., and A.C. Andreu, 2011",6
"Gokula, V., 2011",6
"Gur, M.K., Gur, H., 2010",6
"Harris, J.M., 2009b",6
"Hayes, D.L., 1995",6
"Hellgren, E.C., Kazmaier, R., Ruthven, D.C. III and D.R. Synatzske, 2000",6
"Isberg, S.R., Thomson, P.C., Nicholas, F.W. et al., 2005",6
"Jones, J.K. and H.H. Genoways, 1967",6
"Jones, J.K., Homan, J.A., 1974",6
"Kingdon, J., D. Happold, T. Butynski, et al. 2013",6
"Kurucz, N., 2000",6
"Lance, 1989",6
"Leslie Jr., D.M., Groves, C.P., Abramov, A.V., 2010",6
"Lyon, B.E, Montgomerie, R.D., L.D. Hamilton, 1987",6
"Matson, J.O., McCarthy, T.J., 2004",6
"McGrew, J.C., 1979",6
"Molinari, J., Soriano, P.J., 1987",6
"Palika, 2011",6
"Pangerc, 2010",6
"Platt, S.G. et al., 2011",6
"Potter, E., 2012",6
"Rafferty, 2011a",6
"Rathbun, G.B., 1979",6
"Seigel, R.A., Fitch, H.S., Ford, N.B., 1986",6
"Silveira et al., 2013",6
"Solar-Frost, A., Medellin, R.A., Cameron, G.N., 2003",6
"Tejedor, 2005",6
"Thorbjarnarson, 2010",6
"Todd, 2000",6
"Tolley and Herrel, 2013",6
"Valenzuela, N., 2001",6
"Wikramanayake, E.D., Dryden, G.L., 1988",6
"Williams, S.L., Baker, R.J., 1974",6
"Wilson, D.E., LaVal, R.K., 1974",6
"Winter, Y., Voigt, C., and O. Von Helversen, 1998",6
"Yuyek, 2012",6
"Zug, 2013",6
"Antelo, R., Ayarzaguena, J. and J. Castroviejo, 2010",5
"Banack, S.A., 2001",5
"Best, T.L., Hunt, J.L., McWilliams, L.A., 2002",5
"Bezuijen, M.R., Shwedick, B.M., Sommerlad, R. et al., 2010",5
"Brazil, M. 2010",5
"Brown, W.Y., 1977",5
"Buffrenil and Rimblot-Baly, 1999",5
"Caceres, N.C., Barclay, R.M.R.",5
"Calver, M.C., King, D.R., Gardner, J.L. and G.R. Martin, 1991",5
"Collins, Collins, and Taggart, 2011",5
"Das, I. and S. Singh, 2009",5
"Davenport, 2011",5
"Davis, 2011",5
"Davis, J.R. and D.F. DeNardo, 2010",5
"Delaney, R., Fukuda, Y., Saalfeld, K., 2009",5
"Du, W-G., Tu, M-C., Radder, R.S., and R. Shine, 2013",5
"Elsey, R.M., Woodward, A.R., 2010",5
"Garcia, P.F.J.,Rasheed, S.A. and S.L. Holroyd, 1995",5
"Giannini, N.P., Barquez, R.M., 2003",5
"Gregorovicova, M., Zahradnicek, O., Tucker, A.S. et al., 2012",5
"Hart and Kitchener, 1986",5
"Heij, C.J., Rompas, C.F.E., Moeliker, C.W., 1997",5
"Hillman, C.N., Clark, T.W., 1980",5
"Hitchins, P.M., Bourquin, O., Hitchins, S., and S.E. Piper, 2004",5
"Jackson, S.M., 2012",5
"James, 1996",5
"Kalcounis-Reuppell, M.C., Spoon, T.R., 2009",5
"Lanicci, R.",5
"Lecky, 2011",5
"Leslie, D.M., 2010a",5
"MacNab, 2005",5
"Markowitz, 2012",5
"Melo, et al. 2006",5
"Muheebwa, J., Byaruhanga, A., Pomeroy, D., et al, 2012",5
"Murray, K.L. and T.H. Fleming, 2008",5
"Nadachowski, A., Mead, J.I., 1999",5
"Navarrete, D., Ortega, J., 2011",5
"Oprea, M., Aguilar, L.M.S., Wilson, D.E., 2005",5
"Piatt, J.F., 2002",5
"Rao, 2006",5
"Riskin, D.K., 2001",5
"Rogers, K., Ralph, T.J., 2011",5
"Shostell, J.M. and M. Ruiz-Garcia, 2010",5
"Uller et al., 2009",5
"Vazquez, L.B., Cameron, G.N., Medellin, R.A., 2001",5
"Vogt, R.C., Polisar, J.R. and D. Moll, 2011",5
"Wiktander, U., Nilsson, S.G., Olsson, O., et al. 1994",5
"Williams, S.L, Ramirez-Pulido, J., Baker, R.J., 1985",5
"Yalden, D.W., 1985",5
"Zacariotti and Rio do Valle, 2010",5
"Alderman, R.L., 2012",4
"Alvarez-Castaneda, S.T., Gonzalez-Ruiz, N., 2009",4
"Atanasov, 2012a",4
"Austad, S., 2011",4
"Baker, G.C., Dekker, R.W., 2008",4
"Ballouard et al., 2010",4
"Barnett, A.A., 2005",4
"Best, T.L., Ceballos, G., 1995",4
"Broadley, D.G. and W. Sachsse, 2011",4
"Brock, 2012",4
"Caceres, N.C., Napoli, R.P., and W. Hannibal, 2011",4
"Chaverri, G. and M.J. Vonhof, 2011",4
"Chinsamy, A. and N. Valenzuela, 2008",4
"Cleere, N, 2010",4
"Coates, 2009",4
"Debus, S.J.S., Ley, A.J., 2009",4
"Deeming, D.C., Pike, T.W., 2013",4
"Diaz-N., J.F., Gomez-Laverde, M. and C. Sanchez-Giraldo, 2011",4
"Diaz-Valenzuela, R., Lara-Rodriguez, N.Z., Ortiz-Pulido, R., et al, 2011",4
"Dickman, et al., 2001",4
"Eger, J.L., Fenton, M.B., 2003",4
"Ferreira et al., 2013",4
"Geiser, 2004",4
"Gonzales, M.V., Armien, B., Armien, A., et al, 2004",4
"Gutierrez, J.A., Piantoni, C., and N.R. Ibarguengoytia, 2013",4
"Hawkins, F., 2013",4
"Helgen, 2007",4
"Herron, J.C., Emmons, L.H. and J.E. Cadle, 1990",4
"Hickey, M.B.C., Acharya, L., and S. Pennington, 1996",4
"Hickey, M.B.C., Dunlop, J.M., 2000",4
"Hill, J.E. and F.G. Rozendaal, 1989",4
"Horwell, D. and P. Oxford, 2011",4
"Hudson, W.S., Wilson, D.E., 1986",4
"Hwang, Y.T., Lariviere, S., 2003",4
"Ibrahim and El-Naggar, 2013",4
"Jones, I.L., Konyukhov, N.B., Williams, J.C., et al, 2001",4
"Justo, E.R., De Santis, L.J.M., Kin, M.S., 2003",4
"Khadka, M., Kafley, H., and B.P. Thapaliya, 2008",4
"Kofron, C.P. and C. Steiner, 1994",4
"Komar et al., 2007",4
"Kruger, T.L., 2010",4
"Kushlan, J.A. and F.J. Mazzotti, 1989",4
"Lacey, E.A., Ebensperger, L.A., 2007",4
"Lane, 2013",4
"Leiner et al., 2008",4
"Lelievre et al., 2010",4
"Lislevand, T., Figuerola, J., Szekely, T., 2009",4
"Lyons, 2012",4
"Macip-Rios et al., 2012",4
"Mancina, C.A., 2010",4
"Manik, H., 2011",4
"Mantooth, S.J., Best, T.L., 2005",4
"Marshall, L.G., 1978b",4
"Meng, W.Z., Wu, X.B., and L.S. Wu, 2008",4
"Merritt, J.F., 2010",4
"Michael and Lindenmayer, 2010",4
"Mougin, J.L., Jouanin, C.H.R., Roux, F., et al, 2000",4
"Naef-Daenzer, B., Widmer, F., Nuber, M., 2001",4
"Najafi, N.N., Kahrom, E., Karami, M., 2012",4
"Noureen, 2009",4
"Olsson, M., Gullberg, A., and H. Tegelstrom, 1996",4
"Patrick, Patrick, and Hunt, 2011",4
"Platt, S.G., Rainwater, T.R., Thorbjarnarson, J.B. et al., 2009",4
"Rivas, 2000",4
"Roots, E.H., Baker, R.J., 1998",4
"Russell, A.P. and A.M. Bauer, 2000",4
"Sankaran, R., Sivakumar, K., 1999",4
"Sherwin, R.E., Gannon, W.L., 2005",4
"Simpson, B.K. and M.R. Bezuijen, 2010",4
"Stevenson, C. and R. Whitaker, 2010",4
"Thorbjarnarson, J.B. and G. Hernandez, 1993",4
"Thorbjarnarson, J.B., Hernandez, G., 1993",4
"Tinkle, D.W., 1976",4
"van Bloemestein, 2005",4
"van Riper III, C., 1995",4
"Vasudevan, 2009",4
"Velten, B.P., 2012",4
"Verboven, N., Tinbergen, J.M., Verhulst, S., et al, 2001",4
"Wallis, I.R., Henen, B.T., Nagy, K.A., 1999",4
"Wanchai et al., 2013",4
"West, G.C., Butler, C.A., 2010",4
"Yoon, J., Na, S.H., Kim, S.K., et al, 2012",4
"Ziembicki, M., 2009",4
"Armstrong, D.M., Jones, J.K., 1972",3
"Balakrishnan, P., 2010",3
"Barnier et al., 2012",3
"Best, T.L., Kiser, W. M., and P.W. Freeman, 1996",3
"Bond, A.L., Jones, I.L., Seneviratne, S., 2013",3
"Bonin, Devaux, and Dupre, 2006",3
"Boustead, A., 2009",3
"Bradshaw et al., 1994",3
"Brennan, P.L., 2010",3
"Buckley, 2010",3
"Burger, Claudia, Belskii, E., Eeva, T., et al, 2012",3
"Burnett, S.E., Jennings, J.B., Rainey, J.C., et al, 2001",3
"Calabuig, C.P., Green, A.J., Ferrer, M., et al, 2011",3
"Clemente, Withers, Thompson, and Lloyd, 2011",3
"Copur, G., Baylan, M., Cangullari, S., 2010",3
"Cordero, Reeves, and Swarth, 2012",3
"Cortes-Calva, P., Yensen, E., Alvarez-Castaneda, S.T., 2001",3
"Cramer, M.J., Camerson, G.N., 2001",3
"Das, A., Basu, D., Converse, L., and S.C. Choudhury, 2012",3
"De Jong, M.J., 1996",3
"Diaz-Paniagua, C., Keller, C., and A.C. Andreu, 1997",3
"Duncan, W.P. and J.L. Marcon, 2009",3
"Dundas, 2008",3
"Dunnum, J.L., Salazar-Bravo, J., 2004",3
"Erickson et al., 2012",3
"Fathinia, B., Rastegar-Pouyani, N., Darvishnia, H., and M. Rajabizadeh, 2010",3
"Feare, C.J., 2002",3
"Fitch, H.S., 2003",3
"Fowler, M.E, Cubas, Z.S., 2008",3
"Gannon, M.R., 2005",3
"Goth, A., Vogel, U., 2004",3
"Greenhall, A.M., Schmidt, U., Joermann, G., 1984",3
"Hartmann, 2009",3
"Hedges, 2008",3
"Hermes-Lima et al., 2012",3
"Hice, 2003",3
"Hogstad, O., 2006",3
"Hollis, L., 2005",3
"Jennings, J.B., Best, T.L., Rainey, J.C., et al, 2000",3
"Lambert, Gaikhorst, and Matson, 2011",3
"Lancaster, D.A., 1964",3
"Lance, 2003",3
"Lanser, 2013",3
"Li and Ng, 2010",3
"MacCulloch et al., 2009",3
"Mancina, C.A., 2005",3
"Margalida, A., Gonzalez, L.M., Sanchez, R., et al, 2007",3
"Marjorie, K.C.T., 1975",3
"Marks, J.S., Leasure, S.M., 1992",3
"Mclennan, J.A., Dew, L., Miles, J., et al, 2004",3
"Morin, M.P., Conant, S., Conant, P., 1997",3
"Navarro, D., Wilson, D.E., 1982",3
"Olifiers, N., Vieira, M.V., and C.E.V. Grelle, 2004",3
"Oliveira, A.T., Cruz, W.R., Pantoja-Lima, J. et al., 2011",3
"Palmer, C., Taylor, R. and Burbidge, A., 2003",3
"Parton, W.S., 2009",3
"Platt, S.G. and J.B. Thorbjarnarson, 2000",3
"Prins, H.H.T. and L.J. Gordon, 2014",3
"Ramesh and Bhupathy, 2010",3
"Remes, V., 2010",3
"Santos, M., Aguirre, L.F., Vazquez, L.B., et al, 2003",3
"Schilliger, L., Betremieux, O., Rocher, J. et al., 2009",3
"Seebeck, J.H. and R.W. Rose, 1998",3
"Shanawany, M.M., Dingle, J., 1999",3
"Shine, R. and J. Covacevich, 1983",3
"Silas, Vijayakumaran, and Rajagopalan, 1984",3
"Sinclair, J.R., 2007",3
"Stuart-Smith, J., Swain, R., Stuart-Smith, R.D., et al, 2007",3
"Teta, P., Pardinas, U.F.J., Udrizar Sauthier, D.E., et al, 2009",3
"Tindle, R.W., Tindle, L.E., Vagenas, D., et al, 2013",3
"Trauth, S.E., Cox Jr., R.L., Meshaka, W.E. et al., 1994",3
"Van Dyck, S. 1982",3
"Vitt, L.J., Ohmart, R.D., 1974",3
"Voigt, 2003",3
"Voss et al., 2013",3
"Watkins, L.C., 1972",3
"Watkins, L.C., 1977",3
"Weimerskirch and Lys, 2000",3
"Willis and Brigham, 2005",3
"Wilson, 2012",3
"Ahrestani et al., 2011",2
"Anderson et al., 1988",2
"Araujo et al., 2010",2
"Aubret, 2013",2
"Barclay, R.M.R., Fullard, J.H., and D.S. Jacobs, 1999",2
"Barlow, M.L., Dowding, J.E., 2002",2
"Barnett, 1999",2
"Barros, T., Jimenez-Oraa, M., Heredia, H.J., and A.E. Seijas, 2010",2
"Bedford, G.S. and K.A. Christian, 2001",2
"Bell and Fenton, 1986",2
"Bonaccorso, Winkelmann, and Byrnes, 2005",2
"Bonnici, 2010",2
"Booth, W., Smith, C.F., Eskridge, P.H., Hoss, S.K. et al., 2012",2
"Branch, 1998",2
Britannica Educational Publishing 2011,2
"Brockmann, T., Hoffmann, M. and E. Ziemssen, 2013",2
"Brown, 2002",2
"Burt, W.H., 1980",2
"Bustard, 1971",2
"Caceres, 2005",2
"Caceres, N.C., Napoli, R.P., Wellington, H.L. et al. 2007",2
"Casale, P., Mazaris, A. and D. Freggi, 2011",2
"Castelblanco-Martinez, N., 2010",2
"Chen, I., Watson, A., and L-S. Chou, 2011",2
"Cink, C.L., 2002",2
"Clairmont, 2013",2
"Clark, J.L., 2009",2
"Cogswell, H.L., 1977",2
"Colket, E., Wilson, D.E., 1998",2
"Corlett, 2010",2
"Corlett, R.T., 2011",2
"Costello, R. and A. Rosenberger, 2013",2
"Cramer, M.J., Willig, M.R., Jones, C., 2001",2
"Crick, H.Q.P., Robinson, R.A., Appleton, G.F., et al, 2002",2
"Crome, F.H.J., Brown, H.E., 1979",2
"Cryan, P.M. and B.O. Wolf, 2003",2
"Curry, R.L., Peterson, A.T., Langen, T.A., 2002",2
"Daniels, C.B., 2011",2
"de Villa-Meza, A., Avila-Flores, R., Cuaron, A.D., et al, 2011",2
"Dearborn, D.C., MacDade, L.S., Robinson, S., et al., 2009",2
"Debey, L.B. and N.D. Pyenson, 2013",2
"DeGregorio, B.A., Nordberg, E.J., Stepanoff, K.E. et al., 2010",2
"Dodd, 2002",2
"Drummond, B.A., Leonard, M.L., 2009",2
"Durant, D., 2003",2
"Dwyer, Q., Perez, M., 2007",2
"Eisemberg, C.C., Rose, M., Yaru, B. and A. Georges, 2011",2
"El Mouden, E.H., Znari, M. and R.P. Brown, 1999",2
"Fantin, Farias, Monjelo, and Hrbek, 2010",2
"Fernandez, J.A., Garcia-Campusano, F., Hafner, M.S., 2010",2
"Flinders et al., 2002",2
"Frey, J.K., Cervantes, F.A., 1997",2
"Frick et al., 2013",2
"Frydlova et al., 2013",2
"Galindo-Galindo et al., 2000",2
"Garcia, P.F.J., Merkle, M.S., Barclay, R.M.R., 1993",2
"Gauger, V.H., 1999",2
"Genoways, H.H., Baker, R.J., 1972",2
"Greene, S., McConnachie, S., Secor, S., and M. Perrin, 2013",2
"Gressler, D.T., Santos, L.R., Paiva, L.V., et al, 2012",2
"Guay,P.J., Iwaniuk, A.N., 2008",2
"Headland, T.N. and H.W. Greene, 2011",2
"Heathcote, 2010",2
"Hedenstrom et al., 2007",2
"Heideman, Deoraj, and Bronson, 1992",2
"Henry, M. and K.E. Stoner, 2011",2
"Hice and Velazco, 2012",2
"Hocking, P.M., 2009",2
"Hussain, S.A., 1999",2
"Ito, Y., 1980",2
"Jeglinski et al., 2012",2
"Jiang, H.X., 2010",2
"Jimenez, S., Domingo, A., Abreu, M., et al, 2011",2
"Johnson, M.J., Van Riper III, C., Pearson, K.M., 2002",2
"Kays, R.W. and D.E. Wilson, 2009",2
"Kear, J., 2005",2
"King, D.R., Pianka, E.R., 2007",2
"Krist, M., 2009",2
"Kuo, C-H. and J. Fredric, 2004",2
"Lambertucci,S.A., Trejo, A., Martino, S.D., et al, 2009",2
"Lambio, A.L., 2010",2
"Lariviere, S., 2001b",2
"Lickel, 2010",2
"Litzgus, J.D. and T.A. Mousseau, 2003",2
"Luiselli, Angelici, and Akani, 2000",2
"Magnusson, W.E. and A.P. Lima, 1991",2
"Magnusson, W.E., and T.M. Sanaiotti, 1995",2
"Mair, L., Beckley, L., 2012",2
"Mares, M.A., Ernest, K.A., and D.D. Gettinger, 1986",2
"Marquez-M., 1994",2
"Martin, J.W., Carlson, B.A., 1998",2
"Masin et al., 2014",2
"McCann, 2011",2
"McClellan, D.A., Rogers, D.S., 1997",2
"McGregor, 1909",2
"Medina et al., 2010",2
"Meszaros, L.A., 2010",2
"Meylan, A.B. and M. Donnelly, 1999",2
"Moll, E.O., Platt, K., Platt, S.G., Praschag, P. and P. Paul van Dijk, 2009",2
Montana Field Guide,2
"Montevecchi, W.A., Stenhouse, I.J., 2002",2
"Morrison, K.W., Hipfner, J.M., Gjerdrum, C., et al, 2009",2
"Mortola, J.P., 2009",2
"Murphy, M.S., Fleischer, R.C., 1986",2
"Murphy, M.S.; Fleischer, R.C., 1986",2
"Murphy, T.G., Rohwer, V.G., Scholes, E., 2010",2
"Newton, I., 2011",2
"Noble, D.W.A., Keogh, J.S., and M.J. Whiting, 2013",2
"Noguez, A.A. and A. Ramirez-Bautista, 2008",2
"Ochoa-Acuna, H., Francis, J.M., Boness, D.J., 1998",2
"Oelschlager, H.H.A., Ridgway, S.H., and M. Knauth, 2010",2
"Olivier, P.I., Van Aarde, R.J., and S.M. Ferreira, 2009",2
"Oniki, Y., 1970",2
"Ouboter, P.E. and G.M.T. Peeters, 1993",2
"Pain, D.J., Cunningham, A.A., Donald, P.F., 2003",2
"Paquette, S.R., Louis, E.E. Jr., and F-J. Lapointe, 2010",2
"Parrott, D., Roy, S., Baker, R., et al, 2009",2
"Perez et al., 2011",2
"Peron, G., Gimenez, O., Charmantier, A., et al, 2010",2
"Poiaini, A., Jermiin, L.S., 1994",2
"Ponganis, P.J., Stockard, T.K., Meir, J.U., et al, 2009",2
"Rafferty, 2011b",2
"Ramos, et al. 2000",2
"Riccialdelli et al., 2013",2
"Robin, Dickman, and Martin, 2011",2
"Royle, N.J., Smiseth, P.T., Kolliker, M., 2012",2
"Ryan, T.P., Collins, C.T., 2000",2
"Saber and Kamal, 2010",2
"Sales, J., 2009",2
"Salihoglu, B., Fraser, W.R., Hofmann, E.E., 2001",2
"Sazima, M., Buzato, S., and I. Sazima, 1999",2
"Schettino et al., 2010",2
"Schikora, 2012",2
"Schwartz, C.C., 1997",2
"Secor, 2009",2
"Secor, S.M., Phillips, J.A., 1997",2
"Semedo, T.B.F., Ribeiro, L.R., and R.V. Rossi, 2013",2
"Serrat et al., 2007",2
"Seymour, R.S., Runciman, S., Baudinette, R.V., 2008",2
"Sherbrooke, W.C., 2003",2
"Silva et al., 2011",2
"Simpson, K.N.G., 2008",2
"Slip, D.J. and R. Shine, 1988",2
"Smith, F.A., Lyons, S.K., 2013",2
"Sobrero, R., Campos, V.E., Giannoni, S.M., et al, 2010",2
"Solmsen, E.H., Schliemann, H., 2008",2
"Stahlschmidt, Z.R. and D.F. DeNardo, 2009",2
"Starck, J.M., Sutter, E., 2000",2
"Tamarin, R.H., Kunz, T.H., 1974",2
"Tarwater, C.E., Ricklefs, R.E., Maddox, J.D., et al, 2011",2
"Tellez, G., Ortega, J., 1999",2
"Tieleman, B.I., Williams, J.B., Ricklefs, R.E., 2004",2
"Timmermans, S.T.A., Craigie, G.E. and K.E. Jones, 2004",2
"Velasco and Ayarzaguena, 2010",2
"Villalobos, H.A., and M.T. Saborio M., 2007",2
"Villamarin-Jurado, F. and E. Suarez, 2007",2
"Vogt, Platt, and Rainwater, 2009",2
"Votier, S.C., Bearhop, S., Ratcliffer, N., et al, 2004",2
"Warburton et al., 2003",2
"Ward, A., 2004",2
"Waring et al., 2013",2
"Watson, C., Provis, J., and S. Herculano-Houzel, 2012",2
"Weatherhead, P.J., Brown, G.P., Prosser, M.R., 1999",2
"Webster, M.D., 1999",2
"Weller, F., 2011",2
"Welton, L.J., Siler, C.D., Bennett, D., et al, 2010",2
"Willson, Dorcas, and Snow, 2011",2
"Wilms et al., 2010",2
"Wood, K.A., 2012",2
"Woolley and Valente, 1986",2
"Wursig, B. and M. Wursig, 2009",2
"Ackermann, Brink, Vrahimis, and de Klerk, 2010",1
"Alho, C.J.R, Padua, L.F.M., 1982",1
"Allen, B.M., Brownell, R.L., and J.G. Mead, 2011",1
"Ancel, A., Beaulieu, M., Gilbert, C., 2013",1
"Ascher, J.S., Pickering, J., 2014",1
"Auffenberg, W., 1994",1
"Baard, 1995",1
"Banzato et al., 2012",1
"Barboza, N.N., Mussart, N.B., Koza, G.A., and J.A. Coppo, 2012",1
"Barnhill, R.A., Weyer, D., Young, W.F., et al, 2005",1
"Barshep, Y., 2011",1
"Bartholomew, G.A., Dawson, W.R., and R.C. Lasiewski, 1970",1
"Bartlett, P.P. and E. Wagner, 1997",1
"Batistella, A.M. and R.C. Vogt, 2008",1
"Beasley et al., 2013",1
"Bhola et al., 2012",1
"Blake et al., 2012",1
"Bonnevie, B.T., Connan, M., Mcquaid, C.D., 2012",1
"Bowler, J.K., 1975",1
"Boyle, W.A., 2006",1
"Bryan, T.S., Tucker-Bryan, B., 2009",1
"Burgos, A.G.Z, 2003",1
"Burns and Easley, 1977",1
"Buss, D.M., Hawley, P.H., 2010",1
"Campos, Ojeda, Monge and Dacar, 2001",1
"Chiszar, D., Krauss, S., Shipley, B., et al, 2009",1
"Choate, J.R., 1973",1
"Cintra, 1988",1
"Corbalan, V. and R. Ojeda, 2004",1
"Cosstos, E.D., 2010",1
"Crichton, E.G. and P.H. Krutzsch, 2000",1
"Cunha, A.A. and M.V. Vieira, 2002",1
"Curtis, O.E., Rosenfield, R.N., Bielefeldt, J., 2006",1
"Davis, Jr., W.E., Kricher, J., 2000",1
"Dawson et al., 1989",1
"Day, R.H., Kuletz, K.J., Nigro, D.A., 1999",1
"de Carvalho, C.T., 1968",1
"Delciellos, A.C. and M.V. Vieira, 2006",1
"Depenbusch, N.T., 2011",1
"Dickman, 1996",1
"Dickman, 2003",1
"Dijk, R.E., Szentirmai, I., Szekely, T., 2007",1
"Doody, Georges, and Young, 2006",1
"Dryden, G.L, Green, B., Wikramanayake, E.D., et al, 1992",1
"Ellis, R. 2012",1
"Enge, Krysko, and Talley, 2004",1
"Enkerlin-Hoeflich, E.C., Hogan, K.M., 1997",1
"Farke, A.A., Alicea, J., 2009",1
"Flores, Abdala, and Giannini, 2013",1
"Forsyth, D.M., Wilmshurst, J.M., Allen, R.B., et al, 2010",1
"Franz, R., Soliva, C.R., Kreuzer, M., Hatt, J-M. et al., 2011",1
"Fry, C.H., 2010",1
"Fukuda, D., Tisen, O.B., Momose, K., and S. Sakai, 2009",1
"Garamszegi, L.Z., Eens, M., Hurtrez-Bousses, S., et al. 2005",1
"Gavrilov, V.M., 2012",1
"Geiser and Baudinette, 1990",1
"Geiser, F. and G. Kortner, 2010",1
"Goncalves, 2013",1
"Gonzalez, L.M., Oria, J., Margalida, A., et al, 2006",1
"Graham, S.A., 2012",1
"Greenlaw, J.S., Rising, J.D., 1994",1
"Grenier, 2011",1
"Grzybowski, J.A., 1995",1
"Guarino, Di Gia, and Sindaco, 2010",1
"Guzman, 2008",1
"Halstead, B.J., Wylie, G.D., Casazzra, M.L., 2011",1
"Hassel, Personal Communication",1
"Haythornthwaite and Dickman, 2006",1
"Hayward, G.D., Hayward, P.H., 1993",1
"Herkert, J.R., Vickery, P.D., Kroodsma, D.E., 2002",1
"Hickey and Fenton, 1990",1
"Holman, 2012",1
"Houston, C.S., Smith, D.G., Rohner, C., 1998",1
"Huffman, KJ., Nelson, J., Clarey, J. and L. Krubitzer, 1999",1
"Hutton, I., Priddel, D., 2002",1
"IUCN/SSC, 2002",1
"Jefimow, M., 2007",1
"Johnson, M.A., Caton, J.L., Cohen, R.E. et al., 2010",1
"Johnson, S.R., Cowan, I.M., 1974",1
"Jones, et al. 2003",1
"Jones, I.L., 1993",1
"Julien, J.R., Gauthier, G., Morrison, R.I.G., 2013",1
"Kerry, K., Clarke, J., Else, G., 1993",1
"Khan, J.J., Richardson, J.M.L., and G.J. Tattersall, 2010",1
"Kochert, M.N., Steenhof, K., Mcintyre, C.L., et al, 2002",1
"Koehler, C.E. and R.M.R. Barclay, 2000",1
"Kunz, H.K. and M.B. Fenton 2006",1
"Lahti, M.E., Beck, D.D., Cottrell, T.R., 2010",1
"Latta, S., Rimmer, C., Keith, A., et al, 2010",1
"Lavers, J., Hipfner, M., Chapdelaine, G., et al, 2009",1
"Lee, T.E., Dominguez, D.J., 2000",1
"Leshem, Ar, and Ackerman, 1991",1
"Libertini, G., 2012",1
"Lowther, P.E., Kroodsma, D.E., Farley, G.H., 2000",1
"Luque, 2009",1
"MacSwiney, M.C.G., Hernandez-Betancourt, S., Avila-Flores, R., 2009",1
"Madsen, T., Shine, R., 1993",1
"Mallory, M.L., Allard, K.A., Braune, B.M., et al, 2012",1
"Mancina, C.A., Borroto-Paez, R. and L. Garcia-Rivera, 2004",1
"Manson, K. and J. Knight, 2011",1
"Marks, J.S., Evans, D.L., Holt, D.W., 1994",1
"Mbatchou, V.C., Sackey, J., and I. Sackey, 2011",1
"McCormack, J.E., Brown, J.L., 2008",1
"McFarlane, D.A. and K.L. Garrett, 1989",1
"Mclean, J.A. and J.R. Speakman, 1999",1
"Megysi, J.L., O'Daniel, D.L., 1997",1
"Miller, K.E., Meyer, K.D., 2002",1
"MobileReference, 2009",1
"Monros, J.S., Belda, E.J., Barba, E., 2002",1
"Moore, P.J., Larsen, E.J., Charteris, M., et al, 2012",1
"Morrill, 2011",1
"Mountain, M.J., 1991",1
"Murphy et al., 2012",1
"Naranjo, L.G., 1986",1
"Nelson, S.K., 1997",1
"Norberg et al., 1993",1
"Nowak, R. M. 2005",1
"Opiang, 2009",1
"Ortega, J., Vite-De Leon, B., Tinajero-Espitia, A., et al, 2008",1
"Ouboter, P.E. and L.M.R. Nanhoe, 1989",1
"Packer, J.B., Lee Jr., T.E., 2007",1
"Panigrahy, G.K. and B.K. Patnaik, 1973",1
"Perez, 2001",1
"Peters, A., Verhoeven, K.J.F., and H. Strijbosch, 1994",1
"Phillips, B.T., Jackson, S.M., 2003",1
"Platt, S.G., Sigler, L., Rainwater, T.R., 2010",1
"Post, W., Post, W., Greenlaw, J.S., 2009",1
"Prades, Lastica, and Acorda, 2013",1
"Priddel, D., Wheeler, R., 2003",1
"Puente-Rolon, A.R. and F.J. Bird-Pico, 2004",1
"Rasmussen, J.L., Sealy, S.G., Cannings, R.J., 2008",1
"Reed, J.M., Oring, L.W., Gray, E.M., 2013",1
"Reilly, et al. 2001",1
"Remor de Souza, R., Vogt, R.C., 1994",1
"Renaud, M.L., 1995",1
"Roots, C., 2006",1
"Rossi et al., 2010",1
"Rozsa, L., 1997",1
"Ruckstuhl, K. and P. Neuhaus, 2005",1
"Rydell et al., 2002",1
"Santos-Filho et al., 2012",1
"Santos-Filho, M., Peres, C.A., da Silva, D.J. and T.M. Sanaiotti, 2012",1
"Schreiber, B.A., Schreiber, R.W., 2009",1
"Schreiber, E.A., Doherty, P.F., Schenk, G.A., 2004",1
"Scofield, R.P., Ashwell, K.W.S., 2009",1
"Shanker et al., 2004",1
"Shine, R. and T. Madsen, 1997",1
"Shine, R., 1992",1
"Sibly, R.M., Brown J.H., Kodric-Brown, A., 2012",1
"Silveira, L.F., Silveria, V.J., 1998",1
"Simmons, R.E., 1997",1
"Smirina, E.M. asnd A.Y. Tsellarius, 1996",1
"Snodgrass, J.J., Leonard, W.R., and M.L. Robertson, 2007",1
"Soligo and Martin, 2006",1
"Standen, 2008",1
"Stone and Purvis, 1992",1
"Subach, Scharf, and Ovadia, 2009",1
"Sweeney, 1960",1
"Szentirmai, I., Szekely, T., Komdeur, J., 2007",1
"Taylor, M.E., 1972",1
"Theiler, G.R., Gardenal, C.N., and A. Blanco, 2001",1
"Tholon, P., Queiroz, S.A., 2007",1
"Tidemann, S., Gosler, A., 2010",1
"Tingay, R.E., Katzner, T.E., 2010",1
"Trauth, 1984",1
"Trumble et al., 2013",1
"Tweit, R.C., Finch, D.M., 1994",1
"Ujvari, Shine, and Madsen, 2010",1
"Unwin, 2011",1
"Urfi, A.J., Meganathan, T., Kalam, A., 2007",1
"Uzum, N., Ilgaz, C., Kumlutas, Y., Gumus, C., and A. Avci, 2014",1
"Van Houtan et al., 2009",1
"Verts, B.J. and L.N. Carraway, 1998",1
"Vickery, P.D., 1996",1
"Vieira, M.V., 1997",1
"Vincent, S.E., Brandley, M.C., Herrel, A., and M.E. Alfaro, 2009",1
"Voigt et al., 2003",1
"Warham, J., 1971",1
"Warner, R.M., 1982",1
"Weidensaul, S., Robinson, T.R., Sargent, R.R., et al, 2013",1
"Welch, K.C. Jr, Herrera M., L. G., and R. K. Suarez, 2008",1
"Wnek, 2010",1
"Woolfenden, G.E., Fitzpatrick, J.W., 1996",1
"Yensen, E., Seymour, K.L., 2000",1
"Ziesemann, B., Brunton, D.H., Castro, I.C., 2011",1
"Zortea, 2003",1
(blank),26
